{"white": {"pawn": {"earlygame": [[1, 1, 1, 1, 1, 1, 1, 1], [1.0079999999999991, 1.0059999999999993, 1.0049999999999994, 0.9939999999999999, 1.0, 1.0039999999999996, 1.0019999999999998, 1.0079999999999991], [0.996, 0.999, 0.9939999999999999, 0.9959999999999999, 0.995, 0.997, 0.999, 0.994], [0.996, 0.997, 0.9989999999999999, 1.0319999999999965, 1.0289999999999968, 0.999, 0.999, 0.998], [1, 0.9999999999999999, 0.988, 0.985, 0.9879999999999999, 0.998, 1.0019999999999998, 1], [1, 1, 1, 0.999, 0.997, 0.997, 1, 1], [1, 1, 1, 1, 1, 1, 1, 1], [1, 1, 1, 1, 1, 1, 1, 1]], "midgame": [[1, 1, 1, 1, 1, 1, 1, 1], [1.0119999999999987, 0.9989999999999999, 1.0039999999999996, 1.0, 1, 1.001, 1.0049999999999994, 1.0039999999999996], [0.9949999999999999, 0.998, 1.0069999999999992, 0.9999999999999999, 1.0079999999999991, 0.999, 0.9999999999999999, 0.9999999999999999], [0.994, 0.9959999999999999, 0.9929999999999999, 1.001, 1.0059999999999993, 0.9929999999999999, 0.9979999999999999, 0.99], [0.999, 0.998, 0.9989999999999999, 1.0059999999999993, 0.994, 1.0019999999999998, 0.998, 0.9989999999999999], [1, 1.0, 0.9989999999999999, 1.0029999999999997, 1.0, 1.0, 1.001, 1.001], [1, 1, 1, 0.998, 0.9999999999999999, 0.999, 1.001, 0.999], [1, 1, 1, 1, 1, 1.001, 1, 1]], "endgame": [[1, 1, 1, 1, 1, 1, 1, 1], [1.0019999999999998, 1.0019999999999998, 0.9999999999999999, 1.001, 1, 1.001, 1.001, 1.0029999999999997], [1.0019999999999998, 1.001, 1.001, 1, 0.9999999999999999, 1.001, 0.9989999999999999, 1.0019999999999998], [0.9969999999999999, 0.9969999999999999, 1.0019999999999998, 0.996, 0.996, 1.0049999999999994, 1.001, 0.997], [0.999, 0.9979999999999999, 0.9999999999999999, 1.0019999999999998, 1.001, 0.9969999999999999, 0.9979999999999999, 0.9999999999999999], [0.999, 0.999, 0.998, 1, 0.9999999999999999, 0.9999999999999999, 0.999, 0.999], [0.9999999999999999, 1.0029999999999997, 1.0, 1, 0.997, 1.0029999999999997, 1.0, 0.9999999999999999], [1.001, 0.998, 1.001, 1, 1.001, 1, 0.999, 1.001]]}, "bishop": {"earlygame": [[1, 1, 1.0349999999999961, 1, 1, 1.045999999999995, 1, 1], [1, 1.001, 1, 0.9989999999999999, 1.0029999999999997, 1, 0.9999999999999999, 1], [0.997, 1.0029999999999997, 0.999, 1.0019999999999998, 1.0049999999999994, 0.998, 1.0019999999999998, 0.9989999999999999], [0.999, 1.0019999999999998, 1.0259999999999971, 0.999, 1.001, 0.994, 1.0029999999999997, 0.9999999999999999], [1, 0.9309999999999999, 1, 0.994, 1.0039999999999996, 1.001, 0.97, 1], [0.999, 1, 0.997, 1.001, 0.9999999999999999, 0.995, 1, 1.001], [1, 1, 1, 0.998, 0.997, 0.999, 1.001, 1], [1.001, 0.998, 1.0, 1, 1, 1, 1, 1]], "midgame": [[0.999, 0.998, 1.0059999999999993, 0.999, 0.997, 1.001, 1, 1], [0.999, 1.0029999999999997, 0.999, 1.001, 0.9999999999999999, 0.997, 0.9989999999999999, 1.0019999999999998], [0.9999999999999999, 1.0039999999999996, 1.0019999999999998, 1.0039999999999996, 1.0019999999999998, 1.0109999999999988, 1.0019999999999998, 1.0019999999999998], [0.9989999999999999, 0.999, 0.9999999999999999, 1.0029999999999997, 1.0039999999999996, 1.0119999999999987, 0.9939999999999999, 1.001], [1.0, 0.9879999999999999, 0.999, 0.9919999999999999, 1.0019999999999998, 0.999, 0.9849999999999999, 1.0], [1.0019999999999998, 1, 1, 0.9999999999999999, 1.0029999999999997, 0.993, 1.0, 1.0029999999999997], [0.999, 1.001, 0.9999999999999999, 1.0029999999999997, 0.9999999999999999, 0.998, 0.9989999999999999, 1], [1.001, 0.995, 1, 1.001, 1, 0.9999999999999999, 1, 0.998]], "endgame": [[1, 1, 1, 1, 0.999, 0.999, 1, 1], [1, 1, 1.001, 1.0, 0.998, 0.999, 1, 1], [0.999, 1, 1.001, 0.999, 1.0029999999999997, 1.0029999999999997, 0.9999999999999999, 1.0029999999999997], [1, 1.0019999999999998, 0.9979999999999999, 1.0029999999999997, 0.999, 1.001, 0.995, 1], [1, 1.0029999999999997, 0.996, 1.001, 0.998, 1.001, 0.9979999999999999, 1.0029999999999997], [0.9999999999999999, 1, 0.9999999999999999, 0.999, 0.998, 1.0039999999999996, 1, 0.998], [0.999, 1, 1, 1.0, 1.001, 1, 0.999, 1], [1, 1, 1, 1.001, 1, 1, 0.999, 1]]}, "knight": {"earlygame": [[1, 1.0019999999999998, 1, 0.9999999999999999, 1, 1, 0.9999999999999999, 1], [1, 1, 1, 0.996, 0.998, 1, 1, 1], [0.9979999999999999, 1, 1.0109999999999988, 0.998, 1, 1.0079999999999991, 1, 1.0], [0.9999999999999999, 1, 1, 1.0059999999999993, 0.996, 1.0029999999999997, 1, 0.997], [1, 0.998, 1, 0.9999999999999999, 0.995, 1, 0.9989999999999999, 1], [1, 1, 0.995, 1.001, 1, 1, 1, 1], [1, 1, 1, 1, 0.998, 1.001, 1, 1], [1, 1, 1, 1, 1, 1, 1, 1]], "midgame": [[0.999, 0.9969999999999999, 1.0, 0.996, 0.995, 0.9989999999999999, 0.999, 1], [0.999, 0.999, 1.001, 0.9919999999999999, 0.995, 1.0039999999999996, 0.999, 0.997], [1.0, 1.0, 1.0159999999999982, 1.001, 0.9989999999999999, 1.017999999999998, 0.998, 0.9979999999999999], [0.989, 0.999, 0.9999999999999999, 0.992, 1.0039999999999996, 0.9999999999999999, 0.998, 0.9949999999999999], [1, 1.0029999999999997, 0.998, 1.0029999999999997, 1.017999999999998, 0.998, 0.9979999999999999, 0.999], [1, 1.0039999999999996, 0.9929999999999999, 1.0029999999999997, 1.0039999999999996, 1.001, 0.9989999999999999, 1], [0.998, 0.998, 1.0019999999999998, 0.9999999999999999, 1.001, 1.0019999999999998, 1, 0.9989999999999999], [0.998, 1, 1.001, 1.001, 1, 1.0019999999999998, 1, 0.999]], "endgame": [[1, 0.999, 1, 0.999, 1, 1, 1.001, 1], [1, 1, 1, 1, 1, 1, 1, 1], [1.0019999999999998, 1, 1, 1.0029999999999997, 1.008999999999999, 1, 1, 0.999], [1, 1, 0.999, 1, 0.999, 0.9999999999999999, 0.996, 1], [1, 1, 0.995, 0.998, 0.999, 0.997, 1.001, 0.999], [1, 1, 1, 1, 1.0079999999999991, 1.001, 0.999, 1], [1, 1, 0.999, 1.001, 1, 1.001, 1.001, 1], [1, 0.999, 1, 0.998, 1, 0.999, 1, 0.999]]}, "rook": {"earlygame": [[1.0019999999999998, 0.999, 1, 0.999, 1.0029999999999997, 0.998, 0.998, 1.0029999999999997], [0.999, 1, 1, 1, 1, 1, 1, 1], [1, 1, 1, 1, 0.999, 1, 1, 1], [1, 1, 1, 1.001, 0.999, 1, 1, 1], [1, 1, 1, 1, 1, 1, 1, 1], [1, 1, 1, 1, 1, 1, 1, 1], [1, 1, 1, 1, 1, 1, 1, 1], [1, 1, 1, 1, 1, 1, 1, 1]], "midgame": [[0.9959999999999999, 0.9969999999999999, 0.9979999999999999, 0.9959999999999999, 0.9929999999999999, 1.008999999999999, 0.9989999999999999, 0.9999999999999999], [0.9999999999999999, 0.999, 1, 1.001, 0.998, 0.9979999999999999, 1.001, 1.001], [1, 1.001, 0.998, 1, 0.9959999999999999, 1.001, 1, 0.9999999999999999], [1.001, 0.9979999999999999, 1.0029999999999997, 0.999, 0.997, 1.0019999999999998, 0.999, 1], [0.999, 1.001, 1, 0.998, 1.0029999999999997, 1, 1, 1.001], [1.0019999999999998, 1.0019999999999998, 0.9989999999999999, 1.001, 1.0029999999999997, 1.001, 1.001, 1], [0.9999999999999999, 1.0079999999999991, 1.0019999999999998, 1.0019999999999998, 0.9979999999999999, 0.999, 1, 1.001], [0.998, 0.9989999999999999, 1.0019999999999998, 0.9999999999999999, 0.9979999999999999, 0.998, 0.999, 1.0039999999999996]], "endgame": [[0.998, 0.9989999999999999, 0.9989999999999999, 1.0, 1.0019999999999998, 0.9999999999999999, 0.9989999999999999, 0.9979999999999999], [0.9989999999999999, 0.998, 0.9999999999999999, 0.9999999999999999, 0.9989999999999999, 1.001, 0.9999999999999999, 0.999], [0.9989999999999999, 0.999, 1.0049999999999994, 0.9999999999999999, 0.9969999999999999, 0.997, 1.0029999999999997, 0.999], [1.0059999999999993, 1.0, 0.998, 0.9979999999999999, 1.0029999999999997, 1.001, 0.997, 1], [0.996, 1.001, 1.0029999999999997, 0.999, 0.9999999999999999, 0.9989999999999999, 0.998, 1.0], [1.0, 1.001, 1.0019999999999998, 0.9999999999999999, 0.996, 1.001, 1.0019999999999998, 0.998], [1, 1.001, 0.998, 1.0039999999999996, 1.001, 1.0019999999999998, 0.998, 0.9969999999999999], [1, 0.996, 1.0019999999999998, 1.0019999999999998, 1.0049999999999994, 1.001, 1.0019999999999998, 1.0019999999999998]]},