{"white": {"pawn": {"earlygame": [[1, 1, 1, 1, 1, 1, 1, 1], [1.001, 1.001, 0.9989999999999999, 1.0019999999999998, 0.999, 1.001, 1.0029999999999997, 1.0029999999999997], [1.0, 1, 1.001, 0.9999999999999999, 1, 0.999, 0.999, 0.998], [0.999, 0.999, 1, 1.0019999999999998, 1.0079999999999991, 0.999, 0.999, 0.999], [1, 1, 0.996, 0.998, 0.9979999999999999, 1, 1, 1], [1, 1, 1, 0.999, 0.999, 0.999, 1, 1], [1, 1, 1, 1, 1, 1, 1, 1], [1, 1, 1, 1, 1, 1, 1, 1]], "midgame": [[1, 1, 1, 1, 1, 1, 1, 1], [1.001, 1.001, 1.0, 0.999, 1, 1.0019999999999998, 0.9989999999999999, 0.999], [1.001, 0.999, 1.0019999999999998, 1.001, 1.001, 0.998, 0.999, 1.001], [1.0, 1.001, 0.9969999999999999, 0.998, 1.0, 1.0, 1.001, 1], [0.998, 0.999, 1.001, 1.0039999999999996, 0.998, 0.9999999999999999, 1.0, 1], [1, 1, 1, 1.001, 1.0, 1, 1, 1], [1, 1, 1, 1, 1, 0.999, 1, 1], [1, 1, 1, 1, 1, 1, 1, 1]], "endgame": [[1, 1, 1, 1, 1, 1, 1, 1], [1, 1.0019999999999998, 1.001, 1, 1, 1.0029999999999997, 1, 1], [1, 0.999, 1.0, 1, 1, 0.999, 1, 1], [0.9999999999999999, 1.0, 0.9979999999999999, 1, 1, 0.998, 0.999, 1], [0.999, 0.9999999999999999, 1.0019999999999998, 1, 0.999, 0.9999999999999999, 1.0019999999999998, 1], [1, 0.999, 0.999, 1, 1, 1.0019999999999998, 0.999, 1], [1, 1.0029999999999997, 1, 1, 0.999, 1, 1.0, 1], [1, 0.998, 1, 1, 1.001, 1, 0.999, 1]]}, "bishop": {"earlygame": [[1, 1, 1.0019999999999998, 1, 1, 1.0079999999999991, 1, 1], [1, 1.001, 1, 1.001, 0.999, 1, 1, 1], [0.999, 0.999, 1, 1, 0.999, 0.998, 1, 1], [1, 1, 1.0069999999999992, 1, 1.001, 0.999, 1.0019999999999998, 1], [1, 0.99, 1, 0.996, 0.999, 1, 0.999, 1], [1, 1, 1, 1, 1, 1, 1, 1.001], [1, 1, 1, 1, 1, 1, 1, 1], [1, 1, 1, 1, 1, 1, 1, 1]], "midgame": [[1, 1, 1.0019999999999998, 1, 0.998, 1, 1, 1], [1, 0.999, 0.998, 0.9999999999999999, 0.997, 1, 1, 1.001], [1, 0.998, 1.0029999999999997, 0.9999999999999999, 1.0029999999999997, 1.001, 0.9989999999999999, 1], [1.001, 0.999, 1.0019999999999998, 1, 1.001, 0.998, 1.0029999999999997, 0.999], [1, 1, 1, 0.9999999999999999, 1.001, 1, 1.001, 0.999], [1, 1, 1, 0.999, 1, 0.997, 1, 1.001], [1, 1, 1, 1, 1, 1, 1, 1], [1, 1, 1, 1, 1, 1, 1, 1]], "endgame": [[1, 1, 1, 1, 1, 0.999, 1, 1], [1, 1, 1, 1, 1, 1, 1, 1], [1, 1, 1, 1, 1.0019999999999998, 1, 1, 1.0019999999999998], [1, 1.001, 1, 1.001, 1, 1, 1, 1], [1, 1, 0.996, 1, 1.0, 1, 1, 1], [1, 1, 1.001, 0.999, 1, 1.001, 1, 1], [1.0, 1, 1, 0.998, 1.001, 1, 0.999, 1], [1, 1, 1, 1, 1, 1, 1, 1]]}, "knight": {"earlygame": [[1, 1.001, 1, 1, 1, 1, 1.001, 1], [1, 1, 1, 0.999, 0.997, 1, 1, 1], [1, 1, 1.0, 0.998, 1, 1.0019999999999998, 1, 0.999], [1.001, 1, 1, 1.001, 1, 1.0029999999999997, 1, 0.999], [1, 0.999, 1, 1.0019999999999998, 1, 1, 0.9999999999999999, 1], [1, 1, 1, 1, 1, 1, 1, 1], [1, 1, 1, 1, 0.998, 1, 1, 1], [1, 1, 1, 1, 1, 1, 1, 1]], "midgame": [[1, 1.0019999999999998, 1, 0.997, 0.999, 1.001, 1.0, 1], [1, 1, 0.999, 0.9979999999999999, 0.999, 1, 1, 0.999], [0.999, 0.999, 1.0069999999999992, 1.0019999999999998, 1.001, 0.999, 1, 1.001], [0.995, 1, 1.0, 0.999, 1.001, 0.9999999999999999, 1, 0.9999999999999999], [1, 1.001, 0.999, 1.0, 1.001, 1, 0.9979999999999999, 1], [1, 1.001, 0.9999999999999999, 1.0019999999999998, 1.001, 0.999, 1.0, 1], [1, 1, 1, 1, 1, 1.0019999999999998, 1, 1], [1, 1, 1, 0.9999999999999999, 1, 1, 1, 0.999]], "endgame": [[1, 1, 1, 1, 1, 1, 1, 1], [1, 1, 1, 1, 1, 1, 1, 1], [1, 1, 1, 1, 1, 1, 1, 1], [1, 1, 1, 1, 1, 1, 1, 1], [1, 1, 1, 1, 1, 1, 1, 1], [1, 1, 1, 1, 1.001, 1, 1, 1], [1, 1, 0.999, 1, 1, 1, 1, 1], [1, 1, 1, 1, 1, 1, 1, 1]]}, "rook": {"earlygame": [[1, 1, 1, 1, 1, 0.999, 1, 1.001], [1, 1, 1, 1, 1, 1, 1, 1], [1, 1, 1, 1, 1, 1, 1, 1], [1, 1, 1, 1, 1, 1, 1, 1], [1, 1, 1, 1, 1, 1, 1, 1], [1, 1, 1, 1, 1, 1, 1, 1], [1, 1, 1, 1, 1, 1, 1, 1], [1, 1, 1, 1, 1, 1, 1, 1]], "midgame": [[0.9999999999999999, 1.001, 1.001, 0.999, 0.9999999999999999, 0.9999999999999999, 0.9999999999999999, 0.9989999999999999], [1, 1, 1, 0.999, 0.999, 1.0019999999999998, 1, 1], [1, 0.998, 1, 1, 1, 1, 1, 1.001], [1.001, 1, 1, 0.999, 0.997, 1, 1, 1], [0.999, 1.001, 1, 1, 0.9999999999999999, 1, 1, 1], [1, 1, 1, 1.0019999999999998, 1.001, 1, 1, 1], [1, 1.0019999999999998, 1, 1, 0.9999999999999999, 0.999, 1, 1], [1, 1.001, 1, 1.0, 1, 0.999, 1, 1]], "endgame": [[0.995, 1, 1.0019999999999998, 0.997, 1, 0.9999999999999999, 1.0019999999999998, 0.998], [1.001, 0.999, 1, 1.001, 0.9999999999999999, 1.0049999999999994, 1, 0.999], [1.001, 1, 0.9999999999999999, 1, 1.001, 0.999, 0.999, 1], [0.9999999999999999, 0.999, 0.998, 0.9999999999999999, 1.001, 1, 1, 1], [0.999, 1, 1.0039999999999996, 0.999, 1, 1.001, 0.999, 1.0], [1, 1, 1.001, 1, 1, 1, 1, 1], [1, 1.001, 0.999, 0.9999999999999999, 0.999, 1, 1, 0.9999999999999999], [1, 1, 1, 1.001, 1, 1, 1, 1]]}, "queen": {"earlygame": [[1, 1, 1, 1.0139999999999985, 1, 1, 1, 1], [1, 1, 1, 0.998, 0.997, 1, 1, 1], [1, 0.999, 1, 1, 1, 1.0019999999999998, 1.001, 1], [0.996, 1, 1, 1, 1, 0.999, 1, 1], [1, 1, 1, 0.998, 1.001, 1, 1, 0.997], [1, 1, 1, 1, 1, 0.998, 1, 1], [1, 1, 1, 1, 1, 1, 1, 1], [1, 1, 1, 1, 1, 1, 1, 1]], "midgame": [[1, 1, 0.998, 1.0029999999999997, 1, 1, 1, 1], [1, 1, 0.998, 1.0, 1.0019999999999998, 1, 1, 1], [1.0019999999999998, 0.9999999999999999, 1.0019999999999998, 0.9999999999999999, 0.9969999999999999, 0.9979999999999999, 0.9999999999999999, 1], [1.0019999999999998, 1, 0.998, 1, 1.0029999999999997, 0.9999999999999999, 0.999, 1], [0.998, 1.001, 0.999, 0.998, 0.9999999999999999, 1, 1, 1], [1.001, 1, 1, 1, 0.999, 1.0039999999999996, 0.999, 0.9999999999999999], [0.997, 0.9999999999999999, 1, 1, 1, 1.001, 0.999, 0.998], [1.0029999999999997, 0.999, 1, 1, 1.001, 1, 1.0019999999999998, 0.9989999999999999]], "endgame": [[1.001, 1, 1, 0.999, 1, 1, 1, 1], [1, 1, 1, 1, 1, 1, 1, 1], [1.001, 1, 1, 1, 0.999, 1, 1, 1], [1.001, 0.999, 1, 1, 0.999, 0.9999999999999999, 1, 0.999], [1, 1, 0.997, 1.001, 1.001, 1, 1, 1], [1.0, 1, 0.999, 1.001, 1, 0.999, 1.001, 1.001], [1, 1, 1.0019999999999998, 1, 1, 1, 1, 1], [1, 1, 1, 1.001, 0.999, 1, 1, 1]]}}, "black": {"pawn": {"earlygame": [[1, 1, 1, 1, 1, 1, 1, 1], [1, 1, 1, 1, 1, 1, 1, 1], [1, 1, 1, 0.998, 1, 1, 1, 1], [1, 1, 1, 1.001, 1.001, 1, 1, 1], [0.999, 0.998, 0.999, 0.9989999999999999, 1.0, 0.999, 1, 1], [1.0019999999999998, 0.9999999999999999, 0.999, 0.999, 0.9999999999999999, 0.999, 0.999, 0.9999999999999999], [0.999, 1.0019999999999998, 1.001, 1.001, 1.0019999999999998, 1.0019999999999998, 1.0, 1.001], [1, 1, 1, 1, 1, 1, 1, 1]], "midgame": [[1, 1, 1, 1, 1, 1, 1, 1], [1, 1, 1, 1, 1, 1, 1, 1], [1, 0.999, 1, 1.001, 1, 1, 1, 1], [1, 1.001, 1.001, 0.9979999999999999, 1, 0.998, 0.9999999999999999, 0.9999999999999999], [0.997, 0.9989999999999999, 0.9989999999999999, 1.0029999999999997, 0.9999999999999999, 1.0039999999999996, 1.001, 0.998], [1.0019999999999998, 1.0, 0.9999999999999999, 0.9989999999999999, 0.997, 0.996, 1.001, 0.9979999999999999], [1, 0.9999999999999999, 1.001, 0.9999999999999999, 1, 1.0049999999999994, 1.0, 1.0019999999999998], [1, 1, 1, 1, 1, 1, 1, 1]], "endgame": [[1, 1, 1, 1, 1, 1, 1.001, 1], [1, 1.001, 1, 1, 1, 1, 0.999, 1], [1, 0.999, 1, 1, 1, 1, 1, 1], [0.999, 1, 1, 1, 1.001, 0.999, 1.0, 1], [0.999, 0.999, 1, 1, 1, 0.9999999999999999, 1, 0.9999999999999999], [1.0, 1.001, 1, 1, 1, 1.0019999999999998, 1.001, 1], [1.001, 1.001, 1, 1, 1, 0.999, 0.998, 1], [1, 1, 1, 1, 1, 1, 1, 1]]}, "bishop": {"earlygame": [[1, 1, 1, 1, 1, 1, 1, 1], [1, 1, 1, 1, 1.0019999999999998, 1.001, 1, 1], [1, 1, 1, 1, 1, 1.001, 1, 1], [1, 0.995, 1, 0.998, 1, 1, 0.997, 1], [1, 1, 0.9999999999999999, 1, 0.999, 1.001, 1, 1], [1, 1.001, 0.998, 1.0019999999999998, 0.999, 0.9999999999999999, 1, 0.999], [1, 0.999, 1, 1.001, 1.001, 1, 1.001, 1], [1, 1, 1.0019999999999998, 1, 1, 1.0029999999999997, 1, 1]],